date,actual,foundation_model
2016-05-13 19:00:00,1250,1048.8268
2016-05-13 20:00:00,720,720.82367
2016-05-13 21:00:00,380,522.5348
2016-05-13 22:00:00,330,427.0653
2016-05-13 23:00:00,370,360.8814
2016-05-14 00:00:00,350,332.18213
2016-05-14 01:00:00,380,336.43292
2016-05-14 02:00:00,360,315.75687
2016-05-14 03:00:00,360,305.35965
2016-05-14 04:00:00,360,313.05103
2016-05-14 05:00:00,340,311.18616
2016-05-14 06:00:00,380,343.20532
2016-05-14 07:00:00,680,471.1079
2016-05-14 08:00:00,800,741.90845
2016-05-14 09:00:00,710,985.76575
2016-05-14 10:00:00,950,1168.3252
2016-05-14 11:00:00,580,1202.9246
2016-05-14 12:00:00,700,1067.5992
2016-05-14 13:00:00,680,939.86945
2016-05-14 14:00:00,640,835.0962
2016-05-14 15:00:00,780,757.93054
2016-05-14 16:00:00,670,919.844
2016-05-14 17:00:00,1450,1049.4299
2016-05-14 18:00:00,1000,914.95013
2016-05-14 19:00:00,540,655.3341
2016-05-14 20:00:00,520,530.6894
2016-05-14 21:00:00,450,437.3849
2016-05-14 22:00:00,370,373.6496
2016-05-14 23:00:00,290,339.68683
2016-05-15 00:00:00,320,326.87933
2016-05-15 01:00:00,330,338.19263
2016-05-15 02:00:00,310,334.80505
2016-05-15 03:00:00,240,328.06958
2016-05-15 04:00:00,310,321.9408
2016-05-15 05:00:00,340,313.89786
2016-05-15 06:00:00,310,329.12042
2016-05-15 07:00:00,560,400.05908
2016-05-15 08:00:00,710,559.3293
2016-05-15 09:00:00,610,667.17847
2016-05-15 10:00:00,650,701.792
2016-05-15 11:00:00,630,639.9962
2016-05-15 12:00:00,580,516.6466
2016-05-15 13:00:00,820,483.94376
2016-05-15 14:00:00,530,458.7567
2016-05-15 15:00:00,560,466.42227
2016-05-15 16:00:00,860,648.29425
2016-05-15 17:00:00,1420,824.6227
2016-05-15 18:00:00,590,832.59607
2016-05-15 19:00:00,580,666.6935
2016-05-15 20:00:00,1480,544.8338
2016-05-15 21:00:00,1220,449.0193
2016-05-15 22:00:00,520,388.3339
2016-05-15 23:00:00,500,352.65674
2016-05-16 00:00:00,370,340.3617
2016-05-16 01:00:00,320,343.32693
2016-05-16 02:00:00,340,322.78024
2016-05-16 03:00:00,320,307.04205
2016-05-16 04:00:00,330,323.07864
2016-05-16 05:00:00,310,328.2791
2016-05-16 06:00:00,320,332.92422
2016-05-16 07:00:00,370,351.27527
2016-05-16 08:00:00,530,374.43042
2016-05-16 09:00:00,420,364.7306
2016-05-16 10:00:00,890,366.48608
2016-05-16 11:00:00,620,396.40363
2016-05-16 12:00:00,1240,401.4812
2016-05-16 13:00:00,1600,403.95697
2016-05-16 14:00:00,530,388.22153
2016-05-16 15:00:00,670,414.2652
2016-05-16 16:00:00,530,518.21246
2016-05-16 17:00:00,1460,821.50024
2016-05-16 18:00:00,930,808.58344
2016-05-16 19:00:00,690,706.0823
2016-05-16 20:00:00,580,597.35974
2016-05-16 21:00:00,410,464.6165
2016-05-16 22:00:00,280,387.68
2016-05-16 23:00:00,360,351.50333
2016-05-17 00:00:00,300,335.43015
2016-05-17 01:00:00,330,325.57425
2016-05-17 02:00:00,310,326.8451
2016-05-17 03:00:00,320,327.3546
2016-05-17 04:00:00,320,337.9779
2016-05-17 05:00:00,350,358.94794
2016-05-17 06:00:00,340,393.55463
2016-05-17 07:00:00,390,389.6799
2016-05-17 08:00:00,340,375.80246
2016-05-17 09:00:00,310,359.05865
2016-05-17 10:00:00,320,350.31693
2016-05-17 11:00:00,310,358.55988
2016-05-17 12:00:00,320,366.33185
2016-05-17 13:00:00,250,369.7154
2016-05-17 14:00:00,320,366.72205
2016-05-17 15:00:00,310,392.96976
2016-05-17 16:00:00,400,515.9655
2016-05-17 17:00:00,920,806.68835
2016-05-17 18:00:00,600,807.115
2016-05-17 19:00:00,740,729.5603
2016-05-17 20:00:00,710,621.2255
2016-05-17 21:00:00,390,470.11237
2016-05-17 22:00:00,280,381.1448
2016-05-17 23:00:00,330,341.41794
2016-05-18 00:00:00,310,332.50504
2016-05-18 01:00:00,320,327.5954
2016-05-18 02:00:00,330,327.11237
2016-05-18 03:00:00,310,319.68152
2016-05-18 04:00:00,310,328.23584
2016-05-18 05:00:00,390,352.75937
2016-05-18 06:00:00,420,404.08148
2016-05-18 07:00:00,320,441.0481
2016-05-18 08:00:00,370,465.73853
2016-05-18 09:00:00,390,453.4894
2016-05-18 10:00:00,350,450.51782
2016-05-18 11:00:00,420,441.93256
2016-05-18 12:00:00,340,433.20117
2016-05-18 13:00:00,520,443.37326
2016-05-18 14:00:00,490,445.37927
2016-05-18 15:00:00,500,468.32538
2016-05-18 16:00:00,630,586.08057
2016-05-18 17:00:00,710,905.9989
2016-05-18 18:00:00,1070,863.5075
2016-05-18 19:00:00,860,727.13
2016-05-18 20:00:00,1340,600.9515
2016-05-18 21:00:00,490,470.96155
2016-05-18 22:00:00,310,374.2978
2016-05-18 23:00:00,340,337.35413
2016-05-19 00:00:00,310,325.8518
2016-05-19 01:00:00,310,319.24252
2016-05-19 02:00:00,300,317.76782
2016-05-19 03:00:00,310,328.07703
2016-05-19 04:00:00,340,319.15567
2016-05-19 05:00:00,330,338.0465
2016-05-19 06:00:00,350,369.5249
2016-05-19 07:00:00,300,393.17285
2016-05-19 08:00:00,320,417.42792
2016-05-19 09:00:00,220,435.3034
2016-05-19 10:00:00,330,426.99615
2016-05-19 11:00:00,310,401.4662
2016-05-19 12:00:00,330,429.78662
2016-05-19 13:00:00,300,447.9923
2016-05-19 14:00:00,380,450.41815
2016-05-19 15:00:00,490,507.5529
2016-05-19 16:00:00,540,647.0508
2016-05-19 17:00:00,1250,940.1913
2016-05-19 18:00:00,720,978.03735
2016-05-19 19:00:00,590,753.11273
2016-05-19 20:00:00,710,613.533
2016-05-19 21:00:00,400,477.2342
2016-05-19 22:00:00,300,397.52588
2016-05-19 23:00:00,340,354.5568
2016-05-20 00:00:00,310,350.88898
2016-05-20 01:00:00,310,350.22864
2016-05-20 02:00:00,220,342.5893
2016-05-20 03:00:00,350,336.01404
2016-05-20 04:00:00,310,332.94315
2016-05-20 05:00:00,370,356.94843
2016-05-20 06:00:00,400,466.35712
2016-05-20 07:00:00,480,642.96155
2016-05-20 08:00:00,760,805.7449
2016-05-20 09:00:00,440,826.7568
2016-05-20 10:00:00,490,911.81055
2016-05-20 11:00:00,440,1003.901
2016-05-20 12:00:00,430,1021.35986
2016-05-20 13:00:00,370,965.9208
2016-05-20 14:00:00,360,895.8578
2016-05-20 15:00:00,280,916.5537
2016-05-20 16:00:00,290,1034.1167
2016-05-20 17:00:00,450,1226.3538
2016-05-20 18:00:00,470,1134.7141
2016-05-20 19:00:00,390,807.994
2016-05-20 20:00:00,420,643.5841
2016-05-20 21:00:00,390,515.06744
2016-05-20 22:00:00,320,412.2978
2016-05-20 23:00:00,270,369.40335
2016-05-21 00:00:00,290,356.44714
2016-05-21 01:00:00,310,344.72845
2016-05-21 02:00:00,340,337.67822
2016-05-21 03:00:00,290,334.77515
2016-05-21 04:00:00,340,327.2656
2016-05-21 05:00:00,310,337.57758
2016-05-21 06:00:00,360,383.6239
2016-05-21 07:00:00,340,477.80493
2016-05-21 08:00:00,1250,616.9029
2016-05-21 09:00:00,1860,783.9734
2016-05-21 10:00:00,2300,882.8051
2016-05-21 11:00:00,2590,972.1544
2016-05-21 12:00:00,1370,852.8353
2016-05-21 13:00:00,2060,732.97174
2016-05-21 14:00:00,1820,680.03094
2016-05-21 15:00:00,2170,670.28125
2016-05-21 16:00:00,600,709.8055
2016-05-21 17:00:00,570,839.479
2016-05-21 18:00:00,750,927.86316
2016-05-21 19:00:00,650,723.05634
2016-05-21 20:00:00,570,606.3677
2016-05-21 21:00:00,810,498.75146
2016-05-21 22:00:00,440,431.71262
2016-05-21 23:00:00,890,404.03983
2016-05-22 00:00:00,360,391.69965
2016-05-22 01:00:00,340,385.96716
2016-05-22 02:00:00,310,380.15082
2016-05-22 03:00:00,320,372.70343
2016-05-22 04:00:00,330,370.24316
2016-05-22 05:00:00,300,377.9322
2016-05-22 06:00:00,350,402.34943
2016-05-22 07:00:00,380,464.08856
2016-05-22 08:00:00,1140,561.5553
2016-05-22 09:00:00,680,640.2621
2016-05-22 10:00:00,1210,645.67114
2016-05-22 11:00:00,2060,612.8825
2016-05-22 12:00:00,760,564.12054
2016-05-22 13:00:00,620,516.16064
2016-05-22 14:00:00,640,478.3998
2016-05-22 15:00:00,580,486.4228
2016-05-22 16:00:00,530,592.7559
2016-05-22 17:00:00,1590,797.09546
2016-05-22 18:00:00,720,794.5766
2016-05-22 19:00:00,580,698.6599
2016-05-22 20:00:00,700,601.0587
2016-05-22 21:00:00,530,492.23984
2016-05-22 22:00:00,470,426.8496
2016-05-22 23:00:00,360,396.60016
2016-05-23 00:00:00,350,386.95392
2016-05-23 01:00:00,310,381.15866
2016-05-23 02:00:00,350,371.8193
2016-05-23 03:00:00,310,367.61023
2016-05-23 04:00:00,300,380.79547
2016-05-23 05:00:00,400,383.56863
2016-05-23 06:00:00,360,394.05176
2016-05-23 07:00:00,340,404.66833
2016-05-23 08:00:00,310,427.33606
2016-05-23 09:00:00,330,438.3881
2016-05-23 10:00:00,310,446.6408
2016-05-23 11:00:00,340,458.96356
2016-05-23 12:00:00,370,469.1886
2016-05-23 13:00:00,340,468.80786
2016-05-23 14:00:00,350,460.8989
2016-05-23 15:00:00,440,480.5497
2016-05-23 16:00:00,940,586.8792
2016-05-23 17:00:00,2280,805.8728
2016-05-23 18:00:00,740,843.1882
2016-05-23 19:00:00,720,732.3489
2016-05-23 20:00:00,630,630.1518
2016-05-23 21:00:00,410,517.106
2016-05-23 22:00:00,380,430.944
2016-05-23 23:00:00,350,393.8415
2016-05-24 00:00:00,300,380.54187
2016-05-24 01:00:00,340,372.80164
2016-05-24 02:00:00,330,368.0211
2016-05-24 03:00:00,320,373.52228
2016-05-24 04:00:00,320,384.63556
2016-05-24 05:00:00,640,391.27292
2016-05-24 06:00:00,430,405.79932
2016-05-24 07:00:00,970,424.3062
2016-05-24 08:00:00,340,440.06665
2016-05-24 09:00:00,230,431.1723
2016-05-24 10:00:00,400,443.61337
2016-05-24 11:00:00,610,432.66504
2016-05-24 12:00:00,770,444.89056
2016-05-24 13:00:00,710,441.72354
2016-05-24 14:00:00,900,422.78766
2016-05-24 15:00:00,850,440.8904
2016-05-24 16:00:00,850,564.4706
2016-05-24 17:00:00,1220,800.40436
2016-05-24 18:00:00,820,794.7365
2016-05-24 19:00:00,740,714.4207
2016-05-24 20:00:00,580,621.04395
2016-05-24 21:00:00,460,510.85382
2016-05-24 22:00:00,370,437.99658
2016-05-24 23:00:00,350,402.63043
2016-05-25 00:00:00,320,393.59616
2016-05-25 01:00:00,320,383.7236
2016-05-25 02:00:00,340,380.6099
2016-05-25 03:00:00,290,382.57202
2016-05-25 04:00:00,330,389.6007
2016-05-25 05:00:00,330,399.5263
2016-05-25 06:00:00,330,420.15546
2016-05-25 07:00:00,390,441.6983
2016-05-25 08:00:00,500,454.851
2016-05-25 09:00:00,540,459.46265
2016-05-25 10:00:00,470,464.40195
2016-05-25 11:00:00,300,473.24677
2016-05-25 12:00:00,360,479.80148
2016-05-25 13:00:00,430,483.5244
2016-05-25 14:00:00,480,467.37006
2016-05-25 15:00:00,480,488.5714
2016-05-25 16:00:00,1390,612.08124
2016-05-25 17:00:00,710,824.64435
2016-05-25 18:00:00,940,831.0067
2016-05-25 19:00:00,710,758.7528
2016-05-25 20:00:00,1140,643.8085
2016-05-25 21:00:00,340,518.5486
2016-05-25 22:00:00,320,446.34933
2016-05-25 23:00:00,320,408.22736
2016-05-26 00:00:00,320,394.1679
2016-05-26 01:00:00,330,385.74164
2016-05-26 02:00:00,300,383.09656
2016-05-26 03:00:00,340,379.95087
2016-05-26 04:00:00,300,387.63208
2016-05-26 05:00:00,340,397.60333
2016-05-26 06:00:00,370,431.11914
2016-05-26 07:00:00,600,459.56277
2016-05-26 08:00:00,940,486.94812
2016-05-26 09:00:00,1660,496.5269
2016-05-26 10:00:00,1590,509.23837
2016-05-26 11:00:00,1460,517.4749
2016-05-26 12:00:00,1330,519.119
2016-05-26 13:00:00,450,515.73236
2016-05-26 14:00:00,410,506.11734
2016-05-26 15:00:00,370,525.68353
2016-05-26 16:00:00,2970,651.5623
2016-05-26 17:00:00,2640,950.2755
2016-05-26 18:00:00,1290,905.4243
2016-05-26 19:00:00,1340,770.9077
2016-05-26 20:00:00,550,646.79706
2016-05-26 21:00:00,460,528.04205
2016-05-26 22:00:00,420,445.43042
2016-05-26 23:00:00,390,404.2223
2016-05-27 00:00:00,360,395.27216
2016-05-27 01:00:00,350,386.91116
2016-05-27 02:00:00,300,384.3114
2016-05-27 03:00:00,350,389.28467
2016-05-27 04:00:00,350,392.96838
2016-05-27 05:00:00,350,403.85013
2016-05-27 06:00:00,380,467.47705
2016-05-27 07:00:00,670,585.62286
2016-05-27 08:00:00,780,694.5249
2016-05-27 09:00:00,1510,724.87024
2016-05-27 10:00:00,1510,791.0652
2016-05-27 11:00:00,1860,835.77966
2016-05-27 12:00:00,1110,817.7868
2016-05-27 13:00:00,1590,790.66516
2016-05-27 14:00:00,610,736.4006
2016-05-27 15:00:00,460,716.3396
2016-05-27 16:00:00,810,786.7481
2016-05-27 17:00:00,1080,964.28064
2016-05-27 18:00:00,430,931.6256
